
USE EST_CASOIII;

-- Tabela CLIENTES
INSERT INTO CLIENTES (CLI_ID, CLI_CNPJ, CLI_RAZAO_SOCIAL, CLI_RAMO_ATIVIDADE, CLI_DATA_CAD) 
VALUES 
(1, '12345678000101', 'Empresa A Ltda', 'Comércio de Tecnologia', '2022-01-01'),
(2, '98765432000199', 'Empresa B S/A', 'Serviços de Consultoria', '2022-02-15'),
(3, '32165487000123', 'Empresa C EPP', 'Vendas de Equipamentos', '2022-03-10'),
(4, '45612378900100', 'Comércio X LTDA', 'Material de Construção', '2022-04-21'),
(5, '78901234500150', 'Tech Solutions', 'Consultoria em TI', '2022-05-12');

UPDATE CLIENTES
SET CLI_RAMO_ATIVIDADE = 'Consultoria Empresarial'
WHERE CLI_ID = 1;

UPDATE CLIENTES
SET CLI_DATA_CAD = '2023-06-01'
WHERE CLI_ID = '2';

DELETE FROM CLIENTES
WHERE CLI_ID = 5;

-- Tabela FORNECEDORES
INSERT INTO FORNECEDORES (FORN_CNPJ, FORN_RAZAO_SOCIAL)
VALUES 
('45678901000101', 'Fornecedor X Ltda'),
('12345678000199', 'Fornecedor Y S/A'),
('98765432000100', 'Fornecedor Z EPP'),
('32165487000155', 'Distribuidora Alpha'),
('65432198700130', 'Comercial Beta');

UPDATE FORNECEDORES
SET FORN_RAZAO_SOCIAL = 'Fornecedor Alpha Ltda'
WHERE FORN_CNPJ = '45678901000101';

UPDATE FORNECEDORES
SET FORN_RAZAO_SOCIAL = 'Fornecedor Gamma Ltda'
WHERE FORN_CNPJ = '12345678000199';

DELETE FROM FORNECEDORES
WHERE FORN_CNPJ = '98765432000100';

-- Tabela TIPO_COMPONENTES
INSERT INTO TIPO_COMPONENTES (TC_ID, TC_NOME)
VALUES 
(1, 'Resistor'),
(2, 'Capacitor'),
(3, 'Diodo'),
(4, 'Transistor'),
(5, 'Indutor');

UPDATE TIPO_COMPONENTES
SET TC_NOME = 'Resistor de Alta Potência'
WHERE TC_ID = 1;

UPDATE TIPO_COMPONENTES
SET TC_NOME = 'Capacitor de Cerâmica'
WHERE TC_ID = 2;

DELETE FROM TIPO_COMPONENTES
WHERE TC_ID = 3;

-- Tabela COMPONENTES
INSERT INTO COMPONENTES (COMP_ID, COMP_TIPO, COMP_NOME, COMP_QTD_ESTOQUE, COMP_PRECO_UN, COMP_UN)
VALUES 
(1, 'Resistor', 'Resistor 10Ω', 100, 0.15, 1),
(2, 'Capacitor', 'Capacitor 220nF', 200, 0.30, 1),
(3, 'Diodo', 'Diodo LED', 300, 0.50, 1),
(4, 'Transistor', 'Transistor NPN', 150, 1.20, 1),
(5, 'Indutor', 'Indutor 100uH', 50, 0.80, 1);

UPDATE COMPONENTES
SET COMP_PRECO_UN = 0.60
WHERE COMP_ID = 3;

UPDATE COMPONENTES
SET COMP_QTD_ESTOQUE = 180
WHERE COMP_ID = 4;

DELETE FROM COMPONENTES
WHERE COMP_ID = 5;

-- Tabela MAQUINAS
INSERT INTO MAQUINAS (MAQ_ID, MAQ_TEMPO_VIDA, MAQ_DATA_COMPRA, MAQ_DATA_FIM_GAR)
VALUES 
(1, '5 anos', '2021-05-15', '2026-05-15'),
(2, '10 anos', '2019-11-20', '2029-11-20'),
(3, '8 anos', '2020-08-30', '2028-08-30'),
(4, '6 anos', '2022-01-10', '2028-01-10'),
(5, '4 anos', '2023-03-25', '2027-03-25');

UPDATE MAQUINAS
SET MAQ_TEMPO_VIDA = '7 anos'
WHERE MAQ_ID = 3;

UPDATE MAQUINAS
SET MAQ_DATA_FIM_GAR = '2029-03-10'
WHERE MAQ_ID = 2;

DELETE FROM MAQUINAS
WHERE MAQ_ID = 5;

-- Tabela RECURSOS_ESPECIFICOS
INSERT INTO RECURSOS_ESPECIFICOS (RE_ID, RE_QTD_NEC, RE_UN, RE_TEMPO_USO, RE_HORAS_MAO_OBRA)
VALUES 
(1, 5, 1, 2.5, 3.0),
(2, 10, 1, 3.0, 4.0),
(3, 2, 1, 1.5, 1.5),
(4, 8, 1, 2.0, 3.5),
(5, 12, 1, 4.0, 5.0);

UPDATE RECURSOS_ESPECIFICOS
SET RE_TEMPO_USO = 2.8
WHERE RE_ID = 1;

UPDATE RECURSOS_ESPECIFICOS
SET RE_HORAS_MAO_OBRA = 4.2
WHERE RE_ID = 4;

DELETE FROM RECURSOS_ESPECIFICOS
WHERE RE_ID = 5;

-- Tabela CARGOS
INSERT INTO CARGOS (CAR_ID, CAR_NOME)
VALUES 
(1, 'Analista'),
(2, 'Coordenador'),
(3, 'Gerente'),
(4, 'Diretor'),
(5, 'Estagiário');

UPDATE CARGOS
SET CAR_NOME = 'Supervisor'
WHERE CAR_ID = 2;

UPDATE CARGOS
SET CAR_NOME = 'Gerente Sênior'
WHERE CAR_ID = 3;

DELETE FROM CARGOS
WHERE CAR_ID = 5;

-- Tabela FUNCOES
INSERT INTO FUNCOES (FUN_ID, FUN_NOME)
VALUES 
(1, 'Programador'),
(2, 'Designer'),
(3, 'Analista de Sistemas'),
(4, 'Testador'),
(5, 'Gerente de Projetos');

UPDATE FUNCOES
SET FUN_NOME = 'Desenvolvedor'
WHERE FUN_ID = 1;

UPDATE FUNCOES
SET FUN_NOME = 'Líder Técnico'
WHERE FUN_ID = 4;

DELETE FROM FUNCOES
WHERE FUN_ID = 5;

-- Tabela ENCOMENDAS
INSERT INTO ENCOMENDAS (ENC_ID, ENC_DATA_INC, ENC_VALOR_TOT, ENC_VALOR_DESC, ENC_VALOR_LIQ, ENC_QTD_PARC, ENC_CLIENTE)
VALUES 
(1, '2024-06-15', 1000.00, 100.00, 900.00, 3, 1),
(2, '2024-06-20', 2000.00, 200.00, 1800.00, 4, 2),
(3, '2024-07-01', 1500.00, 150.00, 1350.00, 2, 3),
(4, '2024-07-10', 500.00, 50.00, 450.00, 1, 4),
(5, '2024-07-15', 2500.00, 250.00, 2250.00, 5, 5);

UPDATE ENCOMENDAS
SET ENC_VALOR_LIQ = 950.00
WHERE ENC_ID = 1;

UPDATE ENCOMENDAS
SET ENC_QTD_PARC = 6
WHERE ENC_ID = 2;

DELETE FROM ENCOMENDAS
WHERE ENC_ID = 5;

-- Tabela PRODUTOS
INSERT INTO PRODUTOS (PROD_ID, PROD_RE, PROD_NOME, PROD_COR, PROD_DIMENSOES, PROD_PESO, PROD_PRECO, PROD_TEMPO_FAB, PROD_DESENHO, PROD_HORAS_MAO_OBRA) 
VALUES 
(1, 1, 'Produto A', 'Azul', '10x5x2', '0.5kg', 100.00, '2 semanas', NULL, '5 horas'),
(2, 2, 'Produto B', 'Verde', '15x8x3', '1kg', 200.00, '3 semanas', NULL, '10 horas'),
(3, 3, 'Produto C', 'Vermelho', '12x6x2', '0.8kg', 150.00, '4 semanas', NULL, '6 horas'),
(4, 4, 'Produto D', 'Amarelo', '8x4x3', '0.4kg', 120.00, '1 semana', NULL, '4 horas'),
(5, 5, 'Produto E', 'Preto', '20x10x5', '2kg', 250.00, '5 semanas', NULL, '12 horas');

UPDATE PRODUTOS
SET PROD_PRECO = 180.00
WHERE PROD_ID = 1;

UPDATE PRODUTOS
SET PROD_NOME = 'Produto B Plus'
WHERE PROD_ID = 2;

DELETE FROM PRODUTOS
WHERE PROD_ID = 5;

-- Tabela PAGAMENTOS
INSERT INTO PAGAMENTOS (PAG_ID, PAG_CLIENTE, PAG_ENC, PAG_TIPO_FORMA, PAG_VALOR_TOT)
VALUES 
(1, 1, 1, 'Boleto', 900.00),
(2, 2, 2, 'Cartão de Crédito', 1800.00),
(3, 3, 3, 'Pix', 1350.00),
(4, 4, 4, 'Boleto', 450.00),
(5, 5, 5, 'Transferência', 2250.00);

UPDATE PAGAMENTOS
SET PAG_TIPO_FORMA = 'Cartão de Crédito'
WHERE PAG_ID = 1;

UPDATE PAGAMENTOS
SET PAG_VALOR_TOT = 1600.00
WHERE PAG_ID = 2;

DELETE FROM PAGAMENTOS
WHERE PAG_ID = 5;

-- Tabela REGISTRO_MANUTENCAO
INSERT INTO REGISTRO_MANUTENCAO (RM_MAQUINA, RM_DATA, RM_DESC) 
VALUES 
(1, '2024-06-01', 'Troca de óleo e filtros'),
(2, '2024-06-10', 'Substituição de peças internas'),
(3, '2024-06-15', 'Calibração de sensores'),
(4, '2024-06-20', 'Verificação do sistema de refrigeração'),
(5, '2024-06-25', 'Troca de motor');

UPDATE REGISTRO_MANUTENCAO
SET RM_DESC = 'Ajuste do sistema hidráulico'
WHERE RM_MAQUINA = 3;

UPDATE REGISTRO_MANUTENCAO
SET RM_DESC = 'Inspeção geral'
WHERE RM_MAQUINA = 4;

DELETE FROM REGISTRO_MANUTENCAO
WHERE RM_MAQUINA = 5;

-- Tabela REGISTRO_SUPRIMENTOS
INSERT INTO REGISTRO_SUPRIMENTOS (RS_PRODUTO, RS_QTD, RS_DATA_NEC)
VALUES 
(1, 50, '2024-06-05'),
(2, 100, '2024-06-07'),
(3, 75, '2024-06-10'),
(4, 200, '2024-06-12'),
(5, 150, '2024-06-14');

UPDATE REGISTRO_SUPRIMENTOS
SET RS_QTD = 120
WHERE RS_PRODUTO = 1;

UPDATE REGISTRO_SUPRIMENTOS
SET RS_DATA_NEC = '2024-06-15'
WHERE RS_PRODUTO = 2;

DELETE FROM REGISTRO_SUPRIMENTOS
WHERE RS_PRODUTO = 5;

-- Tabela PESSOA_CONTATO
INSERT INTO PESSOA_CONTATO (PC_ID, PC_CLIENTE, PC_FORNECEDOR, PC_NOME) 
VALUES 
(1, 1, '45678901000101', 'Carlos Silva'),
(2, 2, '12345678000199', 'Fernanda Souza'),
(3, 3, '98765432000100', 'Ricardo Pereira'),
(4, 4, '32165487000155', 'Juliana Costa'),
(5, 5, '65432198700130', 'Paulo Roberto');

UPDATE PESSOA_CONTATO
SET PC_NOME = 'Ana Clara'
WHERE PC_ID = 2;

UPDATE PESSOA_CONTATO
SET PC_NOME = 'Marcos Lima'
WHERE PC_ID = 3;

DELETE FROM PESSOA_CONTATO
WHERE PC_ID = 5;

-- Tabela CARGOS_FUNCOES
INSERT INTO CARGOS_FUNCOES (CF_CARGO, CF_FUNCAO) 
VALUES 
(1, 1),
(2, 2),
(3, 3),
(4, 4),
(5, 5);

UPDATE CARGOS_FUNCOES
SET CF_FUNCAO = 2
WHERE CF_CARGO = 1;

UPDATE CARGOS_FUNCOES
SET CF_CARGO = 3
WHERE CF_FUNCAO = 5;

DELETE FROM CARGOS_FUNCOES
WHERE CF_CARGO = 4 AND CF_FUNCAO = 4;

-- Tabela EMPREGADOS
INSERT INTO EMPREGADOS (EMP_ID, EMP_FUN, EMP_CAR, EMP_NOME, EMP_SAL, EMP_DATA_ADMIS, EMP_QUALIFICACOES)
VALUES 
(1, 1, 1, 'João Pereira', 3000.00, '2020-01-15', 'Superior Completo'),
(2, 2, 2, 'Maria Santos', 4500.00, '2021-03-10', 'Mestrado'),
(3, 3, 3, 'Pedro Almeida', 5000.00, '2019-07-25', 'Superior Completo'),
(4, 4, 4, 'Luciana Oliveira', 7000.00, '2018-10-05', 'Doutorado'),
(5, 5, 5, 'Ricardo Costa', 2000.00, '2022-06-18', 'Ensino Médio');

UPDATE EMPREGADOS
SET EMP_SAL = 3200.00
WHERE EMP_ID = 1;

UPDATE EMPREGADOS
SET EMP_QUALIFICACOES = 'MBA'
WHERE EMP_ID = 2;

DELETE FROM EMPREGADOS
WHERE EMP_ID = 5;

-- Tabela TELEFONES
INSERT INTO TELEFONES (TELE_CLIENTE, TELE_EMPREGADO, TELE_FORNECEDOR, TELE_NUMERO) 
VALUES 
(1, 1, '45678901000101', '123456789'),
(2, 2, '12345678000199', '987654321'),
(3, 3, '98765432000100', '112233445'),
(4, 4, '32165487000155', '667788990'),
(5, 5, '65432198700130', '998877665');

UPDATE TELEFONES
SET TELE_NUMERO = '112233667'
WHERE TELE_CLIENTE = 2;

UPDATE TELEFONES
SET TELE_NUMERO = '334455667'
WHERE TELE_EMPREGADO = 3;

DELETE FROM TELEFONES
WHERE TELE_FORNECEDOR = '98765432000100';

-- Tabela ENDERECOS
INSERT INTO ENDERECOS (ENDE_CLIENTE, ENDE_EMPREGADO, ENDE_FORNECEDOR, ENDE_TIPO, ENDE_NUMERO, ENDE_LOGRADOURO, ENDE_CEP, ENDE_COMPLE, ENDE_BAIRRO, ENDE_CIDADE, ENDE_ESTADO, ENDE_PAIS)
VALUES 
(1, 1, '45678901000101', 'Residencial', 123, 'Rua A', '12345-678', 'Apto 101', 'Centro', 'São Paulo', 'SP', 'Brasil'),
(2, 2, '12345678000199', 'Comercial', 456, 'Avenida B', '23456-789', 'Sala 202', 'Vila Nova', 'Rio de Janeiro', 'RJ', 'Brasil'),
(3, 3, '98765432000100', 'Residencial', 789, 'Rua C', '34567-890', 'Casa 3', 'Bairro X', 'Belo Horizonte', 'MG', 'Brasil'),
(4, 4, '32165487000155', 'Comercial', 101, 'Avenida D', '45678-901', 'Loja 1', 'Jardim Central', 'Curitiba', 'PR', 'Brasil'),
(5, 5, '65432198700130', 'Residencial', 202, 'Rua E', '56789-012', 'Chácara 5', 'Zona Rural', 'Porto Alegre', 'RS', 'Brasil');

UPDATE ENDERECOS
SET ENDE_LOGRADOURO = 'Avenida F'
WHERE ENDE_CLIENTE = 2;

UPDATE ENDERECOS
SET ENDE_CIDADE = 'Fortaleza'
WHERE ENDE_FORNECEDOR = '65432198700130';

DELETE FROM ENDERECOS
WHERE ENDE_EMPREGADO = 5;

-- Tabela PRODUTOS_CLIENTES
INSERT INTO PRODUTOS_CLIENTES (PC_PRODUTO, PC_CLIENTE) 
VALUES 
(1, 1),
(2, 2),
(3, 3),
(4, 4),
(5, 5);

UPDATE PRODUTOS_CLIENTES
SET PC_CLIENTE = 2
WHERE PC_PRODUTO = 1;

UPDATE PRODUTOS_CLIENTES
SET PC_PRODUTO = 4
WHERE PC_CLIENTE = 5;

DELETE FROM PRODUTOS_CLIENTES
WHERE PC_PRODUTO = 3;
